sqft,bedrooms,bathrooms,year_built,has_pool,price,neighborhood_Downtown,neighborhood_East,neighborhood_North,neighborhood_South,neighborhood_West
2248.0,2,3.3,1986,0,423367,False,False,True,False,False
1930.0,2,2.3,2017,0,417144,False,False,False,False,True
2323.0,3,2.3,1999,0,491434,False,False,True,False,False
2761.0,3,3.2,1973,0,506618,False,False,False,False,True
1882.0,5,1.7,1968,0,418121,False,False,False,False,True
1882.0,5,1.3,2009,0,480665,False,False,False,False,True
2789.0,1,2.1,1988,0,496905,False,False,True,False,False
2383.0,1,1.9,2023,0,466558,False,False,False,False,True
1765.0,5,1.9,1967,0,392467,False,False,True,False,False
2271.0,5,1.7,1968,0,489989,False,False,False,False,True
2011.0,4,1.1,1985,0,401842,True,False,False,False,False
1767.0,3,1.1,2023,1,428837,False,False,False,False,True
2120.0,1,4.0,2004,0,388406,False,False,False,True,False
1043.0,3,2.3,2018,0,274450,False,False,False,False,True
1137.0,3,2.2,1996,0,301903,False,True,False,False,False
1718.0,5,3.0,1998,0,392324,False,False,False,False,True
1493.0,4,1.7,1982,0,344977,False,False,False,True,False
2157.0,2,3.8,1970,0,378202,False,False,False,True,False
1545.0,4,3.4,1971,0,337300,False,False,True,False,False
1293.0,4,1.3,1997,0,329714,True,False,False,False,False
2732.0,3,2.3,1986,0,539060,False,False,False,False,True
1887.0,4,3.6,1964,0,409358,False,False,True,False,False
2033.0,1,3.8,1984,0,360174,True,False,False,False,False
1287.0,3,2.4,2020,0,355054,False,False,False,False,True
1727.0,1,2.8,1981,0,299115,False,True,False,False,False
2055.0,2,1.5,1960,1,350275,False,False,False,False,True
1424.0,3,4.0,1959,0,310553,False,False,False,True,False
2187.0,2,1.7,2022,0,458744,False,False,False,True,False
1699.0,3,3.8,2006,0,378946,False,True,False,False,False
1854.0,5,2.9,1974,0,410068,False,False,True,False,False
1699.0,4,2.8,1951,0,377745,True,False,False,False,False
2926.0,5,2.5,2013,0,601098,False,False,False,False,True
1993.0,2,1.7,1984,1,373973,False,False,False,True,False
1471.0,4,1.5,1956,0,330078,False,False,True,False,False
2411.0,3,1.7,1967,0,480682,False,True,False,False,False
1389.0,4,1.6,2016,0,380096,False,False,False,True,False
2104.0,1,3.3,1991,0,388804,False,True,False,False,False
1020.0,4,2.1,1988,0,282459,False,False,False,False,True
1335.0,1,1.2,1990,0,273777,True,False,False,False,False
2098.0,4,3.9,1973,0,439279,False,False,False,True,False
2369.0,1,3.7,2009,0,415523,False,False,False,True,False
2085.0,2,3.8,1995,0,419644,False,False,False,False,True
1942.0,5,4.0,1968,1,448855,False,False,True,False,False
1849.0,3,1.5,2017,0,431400,True,False,False,False,False
1260.0,4,2.2,1991,1,330499,False,False,False,True,False
1640.0,5,3.3,1981,0,387657,True,False,False,False,False
1769.0,3,3.1,1988,1,343712,False,False,False,True,False
2528.0,3,1.5,1985,0,491555,True,False,False,False,False
2171.0,1,3.4,1985,1,401879,False,True,False,False,False
2011.0,2,1.7,1952,1,234632,False,False,False,True,False
2162.0,2,1.7,2022,0,458541,True,False,False,False,False
2011.0,5,2.6,1957,1,401936,False,False,True,False,False
1661.0,2,2.8,2019,0,384461,False,True,False,False,False
2305.0,4,2.7,1990,0,499612,False,True,False,False,False
2515.0,2,1.3,2017,0,487910,False,False,True,False,False
2465.0,5,3.6,1962,0,516898,False,False,False,False,True
1580.0,2,1.8,1998,0,326960,False,False,False,False,True
2011.0,4,1.4,2009,0,443850,False,False,True,False,False
2165.0,1,3.7,1951,0,331263,True,False,False,False,False
2487.0,5,3.9,2009,0,538716,False,False,True,False,False
1760.0,1,3.6,1954,1,308873,False,False,True,False,False
1907.0,1,3.4,1993,0,368113,False,False,False,True,False
1446.0,1,3.0,1976,0,277404,True,False,False,False,False
1401.0,3,2.7,1981,0,317469,False,False,False,False,True
2406.0,3,1.3,1970,0,420030,False,False,False,True,False
2678.0,1,2.2,1957,0,432576,False,False,True,False,False
1963.0,5,2.1,2021,0,497262,False,False,True,False,False
2501.0,4,1.8,1999,0,516129,False,False,True,False,False
2180.0,4,3.2,2016,1,482312,True,False,False,False,False
1677.0,2,2.5,1993,0,366216,True,False,False,False,False
2011.0,5,1.2,2007,0,508095,False,False,False,True,False
2769.0,3,1.7,1952,0,499171,False,False,False,False,True
1982.0,1,3.0,2019,0,402911,False,False,False,True,False
2782.0,2,1.2,1951,0,453278,False,True,False,False,False
690.0,4,3.6,1993,0,249398,False,False,True,False,False
2410.0,3,2.5,1951,0,457294,False,False,True,False,False
2043.0,3,2.4,1984,0,442738,False,False,True,False,False
1850.0,1,2.8,1979,1,332099,False,False,False,True,False
2045.0,4,3.5,1957,1,410180,False,False,False,True,False
1006.0,5,2.0,1971,0,300935,False,False,True,False,False
1890.0,3,3.0,1993,0,405154,False,False,False,True,False
2178.0,1,2.7,2007,0,429501,True,False,False,False,False
2738.0,5,1.8,1985,0,555754,True,False,False,False,False
1740.0,4,3.6,2018,0,424801,False,False,False,False,True
1595.0,3,3.4,1980,0,327492,False,False,True,False,False
1749.0,5,3.0,1996,0,418168,False,False,False,True,False
2457.0,5,3.6,2004,0,553198,False,False,False,True,False
2164.0,5,3.6,2011,0,522747,False,False,False,True,False
1735.0,3,3.1,1979,1,354509,False,True,False,False,False
2256.0,3,3.5,2004,1,478981,True,False,False,False,False
2048.0,2,3.1,1965,0,388873,False,False,False,False,True
2484.0,4,3.0,1961,0,512620,False,False,False,False,True
1648.0,1,2.9,1966,1,289246,False,True,False,False,False
1836.0,5,3.3,1965,0,405803,False,False,False,True,False
1803.0,2,1.5,1961,0,316412,False,True,False,False,False
1268.0,1,3.6,1957,0,205673,False,True,False,False,False
2148.0,2,3.6,1952,0,392946,False,False,True,False,False
2011.0,3,1.1,1965,0,386773,True,False,False,False,False
2002.0,5,3.5,1979,1,472566,False,False,False,False,True
1882.0,1,1.4,1972,1,316273,False,False,False,True,False
1292.0,1,2.0,1954,0,212521,False,False,False,False,True
1789.0,1,3.2,2014,0,355076,False,False,False,False,True
1828.0,1,1.5,1979,1,317645,True,False,False,False,False
1598.0,1,3.5,1970,0,298679,False,False,False,False,True
1919.0,2,3.5,2019,1,434050,False,False,False,False,True
2202.0,5,2.5,1971,0,466438,False,True,False,False,False
2943.0,3,1.0,2021,0,580966,True,False,False,False,False
2087.0,3,1.9,1981,0,416600,False,False,True,False,False
2128.0,3,2.9,1982,0,434315,False,False,False,True,False
1962.0,3,3.9,1965,0,381997,False,False,False,False,True
1040.0,2,2.9,1987,0,263808,False,False,False,True,False
1986.0,4,1.8,1963,0,428099,False,False,True,False,False
2030.0,5,2.9,1985,0,446718,False,False,False,True,False
3231.0,1,2.6,1972,0,539464,False,False,True,False,False
1903.0,4,3.3,2015,1,473255,False,True,False,False,False
2150.0,3,1.3,1951,1,391078,False,False,False,False,True
1982.0,4,3.3,2022,0,464886,False,False,True,False,False
1415.0,5,2.6,2014,1,393329,False,False,False,True,False
2571.0,1,3.9,2016,0,469043,False,False,False,False,True
2375.0,1,2.0,2001,0,407223,False,True,False,False,False
2395.0,5,2.9,2011,1,525325,False,False,False,False,True
1545.0,5,3.8,1972,0,379912,False,False,True,False,False
2701.0,3,1.3,1975,0,527853,False,True,False,False,False
1299.0,1,3.8,2017,1,277649,False,False,False,True,False
2293.0,4,3.1,2004,0,488308,False,True,False,False,False
3095.0,2,1.2,1955,1,544772,False,False,False,False,True
1504.0,2,1.9,1984,1,292976,True,False,False,False,False
1716.0,5,3.1,1971,0,378481,False,True,False,False,False
2049.0,3,1.2,1992,1,411922,False,True,False,False,False
1748.0,2,2.7,1964,0,316258,False,False,False,False,True
1224.0,1,2.0,2009,0,241388,False,False,False,True,False
2034.0,5,2.9,1961,0,439179,False,False,False,False,True
1468.0,4,1.1,1998,1,382426,False,False,False,False,True
2236.0,5,3.6,1991,0,482110,False,False,True,False,False
1540.0,4,3.9,1987,0,369313,False,False,False,False,True
2774.0,5,3.9,1994,0,591039,True,False,False,False,False
1608.0,5,3.2,1984,0,398949,True,False,False,False,False
1838.0,5,1.4,1979,0,432485,False,False,True,False,False
2406.0,4,3.3,1979,0,492859,False,False,False,True,False
1384.0,4,1.1,1955,0,300409,False,False,False,True,False
2113.0,5,1.1,2016,0,530428,False,False,False,False,True
2653.0,2,2.0,1956,1,472666,False,False,False,False,True
1196.0,3,2.5,2001,0,323248,False,False,False,False,True
2092.0,3,3.3,1963,0,417005,False,False,False,True,False
2129.0,3,3.0,2022,1,442725,False,True,False,False,False
2390.0,4,2.3,1964,0,486390,True,False,False,False,False
1381.0,4,1.8,1970,1,336984,False,True,False,False,False
1339.0,2,4.0,1984,0,261802,False,True,False,False,False
2260.0,3,2.3,2015,1,475776,False,False,False,True,False
2148.0,3,2.4,1951,0,402351,False,True,False,False,False
2125.0,5,1.5,1984,0,502714,False,False,True,False,False
2173.0,4,3.4,1969,0,455820,False,False,False,False,True
1659.0,3,3.1,1959,1,319881,False,False,True,False,False
2116.0,2,1.7,1974,0,416830,True,False,False,False,False
2146.0,2,1.2,2015,0,437556,False,False,False,False,True
1642.0,3,3.0,1974,0,341462,False,True,False,False,False
2932.0,4,3.0,2003,0,587893,True,False,False,False,False
2236.0,2,1.8,1982,0,393046,False,False,False,False,True
1404.0,5,3.9,1985,0,368953,False,True,False,False,False
2328.0,2,1.5,1963,1,419662,False,False,True,False,False
1512.0,1,2.3,2014,0,310019,False,False,False,False,True
2393.0,1,3.8,2003,0,443256,False,True,False,False,False
2579.0,4,2.3,2001,0,524884,False,False,True,False,False
1589.0,3,2.9,1952,0,313236,True,False,False,False,False
2481.0,4,2.2,1990,0,516898,True,False,False,False,False
2206.0,4,1.8,1955,0,438744,True,False,False,False,False
2411.0,4,4.0,1974,0,461568,True,False,False,False,False
2948.0,4,2.2,1962,0,547614,False,False,False,True,False
1877.0,5,3.7,1957,0,438711,False,False,False,False,True
1623.0,5,1.7,1970,1,381063,False,False,False,False,True
1555.0,2,1.6,2017,1,350487,False,False,False,True,False
1592.0,1,1.1,1974,0,286498,False,True,False,False,False
1961.0,4,3.0,2017,1,484673,False,True,False,False,False
2170.0,2,2.1,1994,0,438855,True,False,False,False,False
2138.0,1,3.6,2009,0,416812,False,False,True,False,False
2413.0,3,2.4,1961,0,433351,False,True,False,False,False
2006.0,5,3.9,1981,0,462287,False,False,True,False,False
2726.0,1,1.6,1962,0,454419,False,False,False,False,True
1867.0,3,3.6,1980,0,374570,False,False,True,False,False
3360.0,1,3.3,1969,0,534942,False,False,False,False,True
2312.0,5,3.3,1967,0,514375,False,False,False,True,False
1571.0,5,3.5,2009,0,415137,False,False,False,True,False
1464.0,2,3.3,2012,0,355824,True,False,False,False,False
2241.0,4,2.9,1955,0,456106,False,True,False,False,False
1888.0,1,1.4,1981,0,345318,True,False,False,False,False
2357.0,1,1.1,1992,1,427337,False,False,False,False,True
2236.0,3,3.8,1951,1,390393,True,False,False,False,False
1963.0,5,2.8,2009,0,481551,False,False,True,False,False
1576.0,1,3.4,1972,1,304655,False,False,False,False,True
1242.0,5,2.4,1980,0,351520,False,False,False,True,False
1776.0,1,1.4,1954,0,297715,False,True,False,False,False
2428.0,2,1.4,1983,0,472879,False,False,False,False,True
2107.0,4,3.1,1959,0,422274,False,False,False,False,True
1377.0,1,2.3,1951,1,223256,False,False,True,False,False
2086.0,5,1.6,1960,0,450207,False,True,False,False,False
2192.0,2,2.5,1999,0,439297,False,False,False,True,False
1558.0,1,1.2,1980,0,262933,False,False,False,False,True
2076.0,3,2.7,2005,0,445673,False,False,False,False,True
2029.0,4,1.8,2022,1,488505,False,False,True,False,False
1428.0,1,3.4,1958,0,243155,True,False,False,False,False
2178.0,2,1.9,1970,0,413304,False,False,False,True,False
2280.0,3,2.4,2022,0,498617,False,True,False,False,False
2541.0,2,1.0,1977,0,490270,False,False,False,False,True
2526.0,2,1.2,2011,0,478640,False,False,False,False,True
1311.0,3,2.2,1956,0,290110,False,False,False,True,False
1531.0,2,2.4,1965,0,279390,True,False,False,False,False
2257.0,3,2.8,1953,0,392319,False,False,False,False,True
2256.0,1,1.9,1953,1,335867,False,False,False,True,False
2257.0,3,3.1,1989,1,460624,False,False,True,False,False
3926.0,3,3.6,1966,0,682663,True,False,False,False,False
2285.0,4,3.3,2001,0,486564,False,True,False,False,False
2567.0,3,1.1,2001,0,484447,False,False,False,False,True
2477.0,3,2.4,1985,0,471194,False,False,False,True,False
2325.0,1,1.3,1987,0,410811,False,False,True,False,False
1842.0,4,1.7,1999,0,437197,False,True,False,False,False
2011.0,5,4.0,2012,0,543601,False,False,False,True,False
1613.0,1,1.4,2012,0,332730,False,False,False,True,False
1881.0,1,2.5,2011,0,362508,False,True,False,False,False
1757.0,5,2.9,1956,0,420788,False,False,True,False,False
2040.0,3,3.1,1976,0,391726,False,False,True,False,False
3157.0,2,2.7,1963,0,526061,True,False,False,False,False
1066.0,4,1.0,2020,0,322514,False,False,False,False,True
2343.0,2,2.0,1954,0,413590,False,True,False,False,False
1193.0,5,2.6,2004,0,342367,False,True,False,False,False
1764.0,1,1.3,1951,0,292635,False,True,False,False,False
2544.0,1,2.1,2011,0,470073,False,False,True,False,False
2032.0,4,1.1,1970,0,414384,False,False,False,False,True
1461.0,1,1.2,1970,1,269099,True,False,False,False,False
1642.0,1,2.2,1959,0,265182,False,False,False,True,False
2339.0,4,1.4,2007,0,491093,False,False,False,True,False
1634.0,4,2.7,1988,0,384594,False,True,False,False,False
2108.0,5,3.1,1954,0,420303,False,False,False,False,True
2022.0,1,3.4,2014,0,360127,False,False,True,False,False
1674.0,1,1.6,1962,0,296092,False,False,False,False,True
3071.0,5,1.5,2002,0,653384,False,False,False,False,True
2316.0,3,1.3,1994,1,459397,False,False,False,False,True
987.0,3,2.9,1981,0,244028,False,True,False,False,False
2093.0,3,3.1,1985,0,439033,False,False,False,False,True
1669.0,5,1.1,2009,1,417166,False,False,False,True,False
2426.0,1,3.8,1960,0,378449,False,False,True,False,False
1603.0,5,1.2,2012,1,438064,True,False,False,False,False
1942.0,5,2.6,1970,0,436435,False,True,False,False,False
2252.0,3,3.1,2001,1,479773,False,False,True,False,False
2432.0,2,3.6,2004,0,436696,True,False,False,False,False
1399.0,1,3.1,1975,0,238839,True,False,False,False,False
1832.0,3,3.4,2017,0,417014,False,False,False,False,True
1762.0,2,2.0,1983,0,353565,False,False,False,False,True
1673.0,2,3.4,2001,0,364654,False,False,False,False,True
2882.0,4,1.2,2001,0,585922,False,False,True,False,False
2202.0,1,3.7,1978,0,385769,False,False,True,False,False
2011.0,2,2.6,1987,0,286508,False,True,False,False,False
2458.0,3,3.5,1991,0,508563,False,False,False,False,True
3061.0,4,2.4,1970,0,562604,True,False,False,False,False
2516.0,1,2.9,1991,1,448785,False,False,False,True,False
1240.0,5,2.6,1962,0,308182,False,True,False,False,False
1757.0,3,3.2,2013,1,409571,False,False,True,False,False
2633.0,2,1.2,1966,0,445394,False,True,False,False,False
1646.0,2,1.2,1958,0,316057,False,True,False,False,False
2221.0,3,1.7,1990,0,449831,False,True,False,False,False
2387.0,2,1.5,1950,0,434219,False,True,False,False,False
1536.0,4,3.6,1951,0,327184,False,False,False,True,False
1970.0,1,1.7,2009,0,385874,False,False,False,False,True
379.0,4,3.9,1997,0,192155,True,False,False,False,False
1487.0,2,2.0,1978,1,296731,False,True,False,False,False
1873.0,5,1.5,1959,0,416536,False,True,False,False,False
1376.0,1,3.4,2007,0,265491,False,True,False,False,False
2816.0,1,3.0,2009,0,485135,False,False,False,False,True
1284.0,3,2.5,1970,0,296597,False,False,True,False,False
1779.0,3,2.7,1977,0,366658,False,False,True,False,False
2065.0,5,3.2,1983,0,458856,False,False,False,True,False
2011.0,1,1.7,1957,0,428945,False,False,True,False,False
1282.0,5,4.0,2008,0,364822,False,True,False,False,False
2581.0,3,3.9,2021,0,534838,False,True,False,False,False
2005.0,3,3.0,1998,1,430425,False,True,False,False,False
1509.0,1,1.6,1966,1,235968,False,False,False,True,False
2011.0,4,3.0,2009,0,514842,False,True,False,False,False
2099.0,2,1.2,1994,0,428975,False,False,True,False,False
1699.0,3,1.1,2018,0,362890,False,False,False,False,True
2034.0,3,1.8,1981,1,427388,False,False,False,False,True
1807.0,4,2.4,1993,0,429878,True,False,False,False,False
2056.0,4,3.6,2014,0,472406,False,False,True,False,False
2331.0,5,3.2,1957,0,462192,False,True,False,False,False
2793.0,5,3.2,2021,0,630178,False,False,False,False,True
1381.0,2,2.3,1992,0,295531,False,False,True,False,False
3066.0,2,2.0,1950,0,518133,False,False,False,False,True
1023.0,1,2.1,2000,0,261738,False,True,False,False,False
1924.0,5,4.0,1973,0,440377,False,False,False,False,True
2294.0,3,1.1,1973,0,428346,True,False,False,False,False
2140.0,5,3.6,1966,0,456964,True,False,False,False,False
2011.0,3,2.7,1954,0,320358,False,False,False,False,True
1895.0,4,2.3,1969,0,409752,False,False,True,False,False
1753.0,5,3.2,1970,1,395858,False,False,True,False,False
1705.0,4,2.5,2007,0,405657,False,False,False,False,True
2424.0,2,3.6,1980,0,424333,False,False,False,False,True
2178.0,2,3.7,1960,0,384718,False,False,True,False,False
1653.0,1,2.3,2001,0,326601,False,False,False,False,True
2449.0,5,1.8,1964,0,466078,True,False,False,False,False
2153.0,4,2.8,1956,0,432843,False,True,False,False,False
2406.0,3,3.7,1977,1,462214,False,False,True,False,False
2314.0,2,1.6,2000,0,435625,False,True,False,False,False
1585.0,2,2.9,2007,0,375179,False,False,True,False,False
1719.0,3,2.9,1954,0,351227,False,False,False,False,True
2373.0,4,3.2,1954,0,443503,False,True,False,False,False
2305.0,4,1.4,1957,0,465323,False,False,False,False,True
1989.0,5,3.1,2013,0,505017,False,False,False,False,True
2058.0,5,3.7,1959,0,444680,False,False,False,True,False
2638.0,1,1.5,1987,0,463121,False,False,True,False,False
1704.0,2,1.7,1957,0,317675,True,False,False,False,False
2273.0,5,3.9,1974,0,458662,False,False,True,False,False
1898.0,4,1.5,2022,0,453896,True,False,False,False,False
1891.0,3,3.6,2015,0,420066,False,False,True,False,False
2549.0,4,2.5,1999,1,552802,False,False,False,False,True
2412.0,2,1.7,2016,0,482805,False,True,False,False,False
2406.0,4,3.6,1998,0,504435,False,True,False,False,False
2652.0,1,2.3,1985,0,456448,False,False,False,True,False
2010.0,2,2.5,2017,0,433850,True,False,False,False,False
2340.0,3,2.1,1990,0,463231,True,False,False,False,False
1844.0,1,2.8,2011,0,352127,True,False,False,False,False
2162.0,2,1.5,1959,1,379164,False,False,False,False,True
1934.0,3,2.2,1970,0,399210,True,False,False,False,False
2048.0,1,3.9,1985,0,374642,False,True,False,False,False
2297.0,1,1.8,1961,0,381214,False,False,False,False,True
1590.0,2,3.0,1951,1,292373,False,False,True,False,False
3046.0,5,2.0,1962,0,585503,True,False,False,False,False
1496.0,1,3.3,2002,0,298490,True,False,False,False,False
1392.0,1,1.4,1981,0,254850,False,False,True,False,False
2579.0,3,3.9,1965,0,472428,True,False,False,False,False
2395.0,4,2.4,1981,0,510442,False,False,True,False,False
2312.0,2,1.7,1981,0,411631,False,False,False,False,True
2314.0,2,1.2,1960,0,396769,False,True,False,False,False
1993.0,5,1.5,1959,0,414135,False,False,True,False,False
1551.0,5,2.6,1964,0,349586,False,False,False,True,False
2037.0,2,2.0,1966,0,368748,False,False,True,False,False
1661.0,5,3.5,1989,0,403885,True,False,False,False,False
2487.0,3,2.3,1967,1,491475,False,False,False,False,True
1926.0,2,1.7,2004,1,388657,False,False,False,False,True
1587.0,5,2.9,2022,0,454390,False,False,True,False,False
1839.0,2,3.1,1974,1,364370,False,True,False,False,False
2206.0,4,1.5,2008,0,485765,False,False,False,True,False
1718.0,1,1.5,1971,0,335352,False,False,False,False,True
1588.0,2,1.1,1979,0,321228,True,False,False,False,False
2121.0,1,3.2,1993,0,408845,True,False,False,False,False
2122.0,5,3.0,1981,0,495248,False,True,False,False,False
1746.0,1,2.4,2000,0,343119,False,False,False,False,True
1764.0,2,3.5,1995,0,370866,False,False,True,False,False
2116.0,4,3.4,1970,0,446761,True,False,False,False,False
1275.0,5,2.8,1981,0,330086,False,True,False,False,False
1296.0,2,3.6,1988,0,283259,False,False,False,False,True
1640.0,5,1.6,1961,0,398113,False,False,False,False,True
2011.0,3,1.3,1996,0,427842,False,False,False,False,True
2155.0,1,1.8,1967,1,354440,False,False,False,False,True
2737.0,3,1.2,1970,1,513482,False,False,False,False,True
2428.0,2,2.6,1962,0,428463,True,False,False,False,False
1920.0,4,3.8,1970,1,406231,False,True,False,False,False
1990.0,5,1.1,1957,0,435840,False,False,False,False,True
1498.0,1,1.4,1995,1,297969,False,False,False,True,False
1990.0,5,2.4,1956,0,437621,False,False,False,True,False
2011.0,2,3.8,1972,0,371875,False,True,False,False,False
2161.0,5,1.9,1971,0,481911,False,False,True,False,False
1586.0,1,2.5,1971,0,288558,False,False,False,False,True
2259.0,2,1.1,1978,0,444819,False,False,True,False,False
2766.0,5,1.4,1962,0,568548,False,False,False,True,False
1945.0,4,4.0,1951,0,391364,False,False,True,False,False
2011.0,2,3.9,1978,0,389743,True,False,False,False,False
2345.0,2,1.0,2001,0,437932,False,False,False,False,True
1799.0,4,3.9,1976,1,409848,False,False,False,True,False
2112.0,3,2.9,1999,0,431345,False,True,False,False,False
2006.0,1,3.6,1972,0,332779,False,True,False,False,False
2048.0,3,2.4,1993,0,413828,False,False,False,False,True
1613.0,5,2.5,1971,0,377639,False,False,False,True,False
2012.0,4,2.5,1992,0,456559,False,False,True,False,False
2248.0,3,3.0,1986,1,445848,False,False,True,False,False
2725.0,2,1.4,2010,0,498164,True,False,False,False,False
2479.0,5,1.1,2005,0,552315,True,False,False,False,False
3076.0,5,1.9,1952,1,591733,False,False,True,False,False
1616.0,3,3.1,2012,0,372209,False,True,False,False,False
2436.0,3,1.6,1968,0,475738,False,True,False,False,False
2091.0,4,3.0,1972,0,429335,True,False,False,False,False
3094.0,1,3.9,1978,0,533725,False,False,False,False,True
1595.0,3,1.3,1979,0,352201,False,False,True,False,False
1580.0,3,3.0,1988,0,363899,True,False,False,False,False
1700.0,2,2.3,1974,0,312521,True,False,False,False,False
938.0,5,3.6,1957,1,274174,False,False,True,False,False
1737.0,1,1.5,2007,0,341757,False,False,True,False,False
1620.0,2,3.1,1965,0,286669,False,True,False,False,False
2075.0,4,3.5,2021,0,498825,False,False,False,False,True
2170.0,4,3.8,1950,0,413238,False,False,False,False,True
2938.0,3,3.0,1954,0,510556,False,False,True,False,False
2475.0,3,2.5,1952,0,433050,False,False,False,True,False
1711.0,4,2.9,2014,1,431167,True,False,False,False,False
1550.0,3,3.6,1953,0,287611,True,False,False,False,False
2245.0,1,2.7,2013,0,434018,False,False,True,False,False
1339.0,3,1.1,1959,0,300517,False,False,False,True,False
2011.0,5,3.8,1970,0,590307,False,True,False,False,False
2589.0,3,3.1,1995,0,519039,False,False,False,False,True
1765.0,2,3.0,1976,0,352143,False,False,True,False,False
1143.0,1,1.6,2015,0,247208,True,False,False,False,False
2676.0,2,3.0,1990,0,512921,False,False,True,False,False
1942.0,2,2.2,1962,1,346398,False,False,True,False,False
2618.0,5,3.0,1958,1,524704,False,False,True,False,False
1202.0,1,1.3,1985,0,235310,True,False,False,False,False
1700.0,1,3.0,2007,1,344373,False,True,False,False,False
2011.0,1,4.0,2003,0,370229,False,True,False,False,False
2023.0,1,1.1,1961,1,340453,False,False,True,False,False
1774.0,1,3.9,1963,0,285569,True,False,False,False,False
2311.0,5,2.2,1983,1,522119,False,True,False,False,False
1466.0,3,3.6,2002,1,356961,False,False,False,False,True
1928.0,2,3.3,1969,0,353816,False,True,False,False,False
2060.0,1,2.7,1965,1,341962,True,False,False,False,False
2257.0,3,3.2,2019,0,492219,True,False,False,False,False
2355.0,3,3.6,2005,0,472640,False,False,True,False,False
1437.0,2,2.2,2007,0,324430,False,False,False,False,True
2011.0,5,2.0,1953,0,330220,False,True,False,False,False
2638.0,4,3.0,1953,0,486531,False,False,False,False,True
2166.0,4,3.4,1969,0,449429,True,False,False,False,False
2011.0,3,3.3,1959,1,332485,True,False,False,False,False
2775.0,2,3.4,1973,0,487789,True,False,False,False,False
2057.0,4,2.3,1975,0,425993,False,False,False,False,True
2589.0,3,3.5,1986,1,517571,True,False,False,False,False
2033.0,5,1.4,2003,1,473986,False,False,True,False,False
3030.0,4,2.6,1970,1,547319,True,False,False,False,False
2877.0,3,1.0,2023,0,589158,False,False,False,True,False
1875.0,3,2.0,1987,1,375230,False,False,False,False,True
2485.0,1,2.1,1995,0,453128,False,False,False,True,False
2322.0,5,2.2,1953,0,496323,True,False,False,False,False
2684.0,1,3.1,2009,0,496046,False,False,True,False,False
1517.0,2,2.2,2006,0,349621,False,True,False,False,False
2343.0,1,2.3,1994,0,450750,True,False,False,False,False
2529.0,1,1.7,1969,0,437851,False,False,True,False,False
1120.0,4,2.1,1966,0,288958,False,False,False,False,True
1408.0,3,1.7,2020,0,380709,False,False,False,True,False
980.0,5,1.2,1953,0,301321,False,False,False,True,False
1865.0,1,2.8,1963,0,344281,False,False,False,True,False
2011.0,5,3.0,1952,0,473317,False,False,False,False,True
2751.0,1,2.9,2007,0,474339,False,False,True,False,False
2037.0,2,2.4,2004,0,401252,False,False,False,False,True
2814.0,1,2.1,1953,0,460654,False,False,False,True,False
1309.0,4,3.6,1973,1,321737,True,False,False,False,False
1148.0,3,2.6,1983,0,277102,False,True,False,False,False
1972.0,2,2.4,1979,0,383207,False,False,False,False,True
2192.0,1,1.1,1968,0,349737,False,False,False,False,True
1983.0,5,2.0,1980,0,454567,False,False,True,False,False
966.0,2,2.1,2009,1,270676,False,False,True,False,False
1955.0,2,2.2,2009,0,410489,False,False,False,False,True
1347.0,1,2.7,1968,0,255427,False,False,False,True,False
2334.0,2,2.6,1998,0,472060,False,True,False,False,False
2183.0,5,2.8,2012,0,513457,False,False,True,False,False
1530.0,2,3.3,1971,0,290703,False,False,False,True,False
1743.0,5,3.4,1973,0,427292,True,False,False,False,False
1470.0,1,3.2,1979,0,292066,False,False,True,False,False
1968.0,3,3.9,2007,0,435574,False,False,False,True,False
2477.0,2,1.1,1980,0,449144,False,False,False,True,False
1507.0,3,1.6,2013,1,364070,False,True,False,False,False
2252.0,5,1.0,1968,1,461648,False,True,False,False,False
1734.0,2,2.9,1997,0,373794,True,False,False,False,False
1603.0,4,3.7,1994,0,400614,False,False,False,True,False
1946.0,3,1.7,2004,0,401224,False,False,False,True,False
1482.0,2,3.8,2004,0,339314,False,True,False,False,False
1723.0,3,1.2,1967,0,356511,False,False,True,False,False
1401.0,2,3.8,2012,1,306820,False,False,True,False,False
2982.0,1,2.1,1996,1,500209,False,False,False,False,True
2017.0,3,1.3,2006,0,439152,False,True,False,False,False
1650.0,4,2.5,1994,0,385534,False,False,False,False,True
2106.0,4,1.8,1982,0,475199,False,True,False,False,False
1943.0,5,1.9,1966,0,446738,True,False,False,False,False
1889.0,2,1.9,2019,0,409455,False,False,False,True,False
2307.0,3,3.4,1953,0,431896,True,False,False,False,False
2378.0,5,2.6,1969,0,520663,False,True,False,False,False
1734.0,3,1.9,1996,0,393797,False,False,False,True,False
1712.0,2,2.8,1964,0,328296,False,False,True,False,False
1862.0,4,3.1,2019,1,433596,False,False,True,False,False
849.0,1,1.8,1996,0,244279,False,False,False,False,True
1242.0,4,2.2,1958,0,277752,False,True,False,False,False
2683.0,5,1.4,1965,0,537761,False,True,False,False,False
2822.0,1,1.5,2018,0,491479,False,False,True,False,False
1875.0,5,3.0,2010,0,474331,True,False,False,False,False
2288.0,2,1.5,1959,0,404466,False,False,False,True,False
2155.0,1,2.6,1999,1,408729,True,False,False,False,False
3539.0,5,3.1,1952,0,631764,True,False,False,False,False
2559.0,2,1.3,2019,1,519543,False,False,True,False,False
1936.0,4,2.7,2000,0,428288,False,False,True,False,False
1522.0,2,1.8,1968,0,294064,False,False,True,False,False
1196.0,3,3.9,1991,0,309373,False,False,False,False,True
2101.0,2,2.5,1984,0,403069,True,False,False,False,False
1621.0,2,3.4,1995,0,343129,False,False,False,False,True
1288.0,3,2.7,1975,0,305187,False,False,False,True,False
1676.0,5,1.1,2018,0,450831,False,False,False,False,True
1459.0,5,2.9,2013,1,401733,False,True,False,False,False
2843.0,2,3.9,1986,1,509952,True,False,False,False,False
2440.0,3,2.8,1998,1,492178,False,False,True,False,False
1996.0,3,3.5,1970,0,380966,True,False,False,False,False
2739.0,4,3.7,2023,0,598790,False,False,False,True,False
2038.0,5,1.7,2013,0,498029,False,False,False,False,True
2011.0,1,1.6,1954,0,265471,False,False,False,False,True
2761.0,5,2.8,2019,0,626037,False,False,False,True,False
2269.0,5,2.2,1953,0,466548,False,True,False,False,False
1481.0,4,3.5,1988,0,357413,False,True,False,False,False
1904.0,1,3.7,1984,0,337330,False,False,False,False,True
1562.0,4,2.1,1950,1,339446,False,False,False,False,True
1308.0,1,1.7,1973,0,248826,False,False,True,False,False
